t,w,r,Y,K,L,A,TFP,ext_fin,ext_fin_Y,entrepreneur_share
0,0.8632685058054697,-0.009495800278983686,1.5812497903035585,1.5287070377378784,0.9694978847039577,1.5221062546161297,1.438911121243268,0.33557636852254125,0.21222223748603272,0.030359046473995115
1,0.9689947145513094,-0.007311873576886924,1.7641598217510537,1.789223750679427,0.9636155742577754,1.7770531698289949,1.5457399570916959,0.4020377801720537,0.22789192635222966,0.036168385205889976
2,1.0474636852056856,-0.014332386057147086,1.9319396323852955,2.2263000356421654,0.9780104464410735,2.14310077760643,1.5968078533698078,0.518561293786109,0.26841485370112744,0.033674557792721514
3,1.1003267970274413,-0.020655215297614948,2.0163119413482034,2.447562557480305,0.9694650636890076,2.483153358825085,1.6203778573566623,0.6114038552471249,0.3032288024036156,0.0274638281119067
4,1.1459817082586667,-0.024512627216105545,2.099878340530516,2.818831232062217,0.9691672045066981,2.8420539549076818,1.6252869677276611,0.7075542111301218,0.3369500972858096,0.026055855248964945
5,1.15253496284722,-0.02299292689025067,2.215530429796582,3.1114517765760095,1.0175038940948298,3.1784828182707283,1.6701356253996364,0.782080774249638,0.3529993376445948,0.024871208117412887
6,1.183221403727965,-0.02559628225108975,2.2575015714817463,3.422570808781815,1.009898332090479,3.52343218515931,1.6590518590016339,0.8606518500357538,0.3812408641960996,0.023801997684677993
7,1.2056285589462923,-0.028531250501844126,2.287673188601698,3.694814726478256,1.0043872014565953,3.8339425032114853,1.6473277164300404,0.9272484866055173,0.40532384224526513,0.023036652152711067
8,1.2206923133452916,-0.03065390094977661,2.301074506967489,3.912904374029136,0.9975309879477062,4.10333098779052,1.6317579843018317,0.9792589678746582,0.4255659540399635,0.022323171108404063
9,1.2336251746498688,-0.03165266893509489,2.331567339882595,4.327366642188152,1.0013204164363718,4.356027569894124,1.613517131776859,1.0308575299518141,0.4421307128121474,0.0257177249681375
10,1.2427466376235414,-0.032414208155652734,2.3356244764213656,4.51929397718927,0.9949515729331897,4.595916249993911,1.5977958379453243,1.0727186026197053,0.45928556300425505,0.025319392686205037
11,1.248799139163605,-0.03381635713131073,2.3383134544779143,4.734161845977821,0.9912545464470176,4.805368459110241,1.580669048678956,1.1179173612192033,0.47808704135810814,0.02565398938881733
12,1.2500851665911863,-0.03513408097162311,2.328115071856171,4.871619687221574,0.9859080484219125,4.945382440278151,1.5624024128502514,1.1425069716474212,0.49074334231104716,0.02603882750360176
13,1.249797998924051,-0.03629878244483807,2.317981341348023,4.98197533571099,0.9818361401179599,5.06637259228336,1.5464450484061885,1.1598260097875253,0.500360373527868,0.025921196824226486
14,1.2488259645124666,-0.037266229009940234,2.3084769551292035,5.076682021512715,0.9785745052175906,5.1671421305718725,1.532565014292645,1.1736073501786621,0.5083903253056197,0.02592506634200836
15,1.2477877921677285,-0.03803826816920843,2.300884408113825,5.167528900246166,0.9761381895565047,5.2498436240930015,1.5208810752693915,1.1881033827729313,0.5163681315685441,0.02641331456737046
16,1.2458598008786836,-0.03881053065823535,2.293481880416129,5.240066797046957,0.9744998571453977,5.3166789607573905,1.5103615423667314,1.2009999143272518,0.5236579039854209,0.02625830909184885
17,1.2443795130882016,-0.03945730695152262,2.289239736009832,5.306951307854198,0.9738403916200951,5.376652192766445,1.5024794052775414,1.2153773287152954,0.530908715936283,0.026121286121591196
18,1.2431076024353345,-0.03999814074026991,2.2861346173909824,5.365997198665938,0.973502554826624,5.42809009950219,1.4960104159663257,1.227045984181151,0.5367339153376275,0.02598704861564523
19,1.2416443904027372,-0.04045586952627084,2.2821439974199693,5.4106444189567435,0.9729411443951937,5.465796434766389,1.4901052864189708,1.235120887022156,0.5412107598900404,0.025899066706468018
20,1.2407544976703826,-0.04084186798965391,2.28063253060541,5.453017097535782,0.9729922898262592,5.5013614208061865,1.4860092663649709,1.2429572910250002,0.5450055080530876,0.02579527361681275
21,1.2406033581933202,-0.04115941584396663,2.2820974925369124,5.496191154781768,0.9737282649186898,5.537193276629518,1.4838449069922632,1.2515811719828882,0.5484345765577078,0.025714761782602503
22,1.2406529950017018,-0.041415571748658286,2.283701556681023,5.536942391587321,0.9743649476309033,5.570429414889131,1.482087170812918,1.2588007058905655,0.5512106878448781,0.02578450157223598
23,1.2401687504840186,-0.04164508756407159,2.28333174255957,5.570119519083615,0.9745925606995032,5.598501588507428,1.4794467032824963,1.264185665659921,0.5536583414912779,0.02566709419726397
24,1.2397886968004679,-0.04183127159948864,2.282659499666107,5.5980310722539,0.9745872101354163,5.622995076935318,1.4770201595338988,1.2679578576284567,0.555473936350965,0.025586152856298262
25,1.2394164104649636,-0.04198965347466364,2.281985684835871,5.622725772973304,0.9745863419247534,5.644762240595055,1.4747673151422673,1.2723533376130955,0.5575641188584441,0.025432064847138686
26,1.2392330676967274,-0.04211170716915877,2.2818926680890153,5.648465505273712,0.9746902705948679,5.666683245496676,1.4728607863049867,1.2773064297871668,0.559757453823126,0.025317661772356163
27,1.2390285962019885,-0.04221490469653304,2.2816519670055233,5.670554668145309,0.9747391915727552,5.686193945642614,1.4710705753792301,1.2816678326113125,0.5617280159924627,0.02514602672672363
28,1.238981592914361,-0.04228898993939682,2.2814408919977978,5.6916192944039015,0.9746599643536515,5.703819553563964,1.469484953919974,1.2862449177411626,0.5637862117106316,0.025110482668793305
29,1.2389833271610695,-0.04235583235182411,2.2818498465131816,5.713541562078589,0.9748362655055018,5.72261357809216,1.4682193310893135,1.291225105172954,0.5658676915775295,0.02503924733091204
30,1.2390157100043044,-0.04241650101839216,2.282164230514092,5.733604448561226,0.9749401018448808,5.7410760754885395,1.467019153930121,1.2956859715787559,0.567744404304717,0.0249624277314258
31,1.2390211771414745,-0.04247605366883256,2.2824260969575625,5.751587289284572,0.9750485945733396,5.758391361619962,1.4659083494920995,1.2994769570469653,0.5693402116191834,0.02485957372942656
32,1.239241775543952,-0.04251390410891087,2.28322132018089,5.771920742704966,0.9752114607484187,5.776746814616127,1.4650972490337146,1.3041065577026147,0.5711695779011453,0.02489311890078382
33,1.2393648359008493,-0.04255853439707371,2.2838264420343712,5.789696301649702,0.9753734065947064,5.793854483250627,1.4642688723405963,1.3081283219290465,0.5727792173050598,0.024839824424394794
34,1.23941729487684,-0.042599350109872175,2.2839753703158916,5.8035346218128225,0.9753934785657707,5.807422137733582,1.4634458163894193,1.3109578199236265,0.5739807166757279,0.024830451863613018
35,1.2394130351834765,-0.04263692675119775,2.2839295248561635,5.814139653407295,0.9753787979384512,5.817569219943875,1.4627244602082792,1.3132528869502196,0.5749971146911484,0.024835956778944665
36,1.2393975405349034,-0.04267040152745979,2.2838152135917973,5.8230617017026916,0.9753396888888726,5.826351650311481,1.4620645111864157,1.315285987152437,0.5759161158594188,0.024833231028972832
37,1.2393429815970405,-0.04270186079629717,2.283655032483298,5.830231198164161,0.9753160499503108,5.833316799848407,1.4614818731434633,1.316784375794027,0.5766126481731025,0.02481911780660378
38,1.2392910129239794,-0.04272804749351555,2.2834731093539764,5.836074969671362,0.975277303885279,5.83879469225868,1.4609913629949103,1.3179723942067831,0.577178854792669,0.024828623360770276
39,1.2391987910707856,-0.042753500789701936,2.2832800087389784,5.840712961525892,0.9752684018569682,5.843160531309175,1.4605546604305775,1.3192117513217476,0.577770464539007,0.024815199276697147
40,1.239111657188209,-0.04277435830211937,2.2830773168281233,5.8444498506045095,0.9752484381823361,5.8466612210507165,1.4601791823074808,1.3202729049828683,0.5782865500223715,0.024812263544113485
41,1.2390040403246312,-0.042793618019780336,2.2828516004644688,5.847096552108981,0.9752381178919936,5.849041880873232,1.4598509371501862,1.3208513949042122,0.5785971346694073,0.024797671332444857
42,1.238895234533124,-0.042810832584438525,2.282568904895129,5.848663118852834,0.9752012009958028,5.850683529083258,1.4595598259054197,1.3209412788436092,0.5787081721873798,0.024787074525222424
43,1.2387765714619103,-0.0428252643045164,2.282272794078196,5.849422794940798,0.9751685014329439,5.851314211511729,1.4593143606075933,1.3209271444336788,0.57877706287394,0.024778605584226367
44,1.2386725082492336,-0.04283650012911089,2.282032797411642,5.850247194653813,0.9751463437107712,5.8520736589437785,1.4590907469423258,1.3210180953751518,0.5788777868896077,0.0247577086197156
45,1.2386847955617815,-0.042842872011546664,2.2823104971899717,5.8533802691905645,0.9752559332904819,5.854688460198022,1.4590555089222923,1.3216936102946388,0.579103330559946,0.02474618579022318
46,1.2386160939035786,-0.04284869171820061,2.2821822939640257,5.8545927254752055,0.9752538854265757,5.855709326314184,1.458885809813843,1.3217804334641343,0.5791739060284593,0.024734863529102938
47,1.2385541542370604,-0.042853292632383015,2.2820826860031325,5.855714116442831,0.9752606179203964,5.856579415401985,1.4587435980388788,1.3218521816253395,0.5792306254864269,0.024727663177028597
48,1.2385073102847142,-0.042856277601111464,2.282013871513336,5.856926232250909,0.9752668473365831,5.85765889021256,1.4586105531388414,1.3219845951509628,0.5793061171334064,0.02471458816064489
49,1.2384658090798824,-0.04285827056572333,2.281964019336253,5.85809757739725,0.9752787323263516,5.858622208307743,1.4584948118381544,1.3221543035647967,0.5793931422062331,0.024704684913729125
50,1.2384484990341396,-0.04285783835081904,2.281926821063421,5.85923628993042,0.9752754668959631,5.859503559116471,1.458404718482806,1.3223377558251803,0.5794829806193986,0.024714263483535077
51,1.2384251328692415,-0.042858592983524874,2.281925924369486,5.860494115049383,0.9752937772213123,5.860641508629694,1.458318001805068,1.3225683977683877,0.5795842817000397,0.02470853430854291
52,1.2383952853949434,-0.042859659232858296,2.281893224872445,5.861406231788919,0.9753023111099506,5.861631330038301,1.4582224100860806,1.3226986373456628,0.5796496623629707,0.024688910647830464
53,1.2383774120793112,-0.042859508355191256,2.2818861924174936,5.862412207442542,0.9753131300000067,5.862559903633393,1.4581471294778783,1.3228602528562614,0.5797222741659989,0.024681899238908143
54,1.2383629621383805,-0.04285910940102895,2.2818871393458644,5.8634041551743,0.9753250323320588,5.863456605667821,1.4580800705097496,1.3230595996885084,0.5798093941086773,0.0246776661633634
55,1.2383546852956702,-0.04285824260636558,2.281886661251783,5.864320494514622,0.9753307035513401,5.864296139424946,1.4580202222759095,1.3232749220442683,0.5799038771357533,0.02467748569428834
56,1.238340241613236,-0.042858328540677636,2.2818808583181918,5.865092022058798,0.9753393131121888,5.865075589062723,1.4579608686845285,1.3234483988166557,0.579981375448354,0.02467035471467774
57,1.2383199864881922,-0.042858367349868316,2.2818387489240357,5.86543286589416,0.9753370472107747,5.865419588654502,1.457909350848299,1.3235132639201255,0.5800205051931066,0.024667162616149672
58,1.2383018681989006,-0.04285846307764195,2.2818005498461096,5.8657371853678315,0.975334786189803,5.8657459489177235,1.457862793388725,1.3235771115289299,0.5800581964178224,0.02466408791181651
59,1.238289483701033,-0.042858224301232935,2.2817750708121864,5.866074180502874,0.975333555054974,5.866051441806827,1.4578265375133665,1.3236560851946226,0.5800992841610255,0.02466643534527186
60,1.2382749621074938,-0.042858314303371406,2.2817462066616345,5.8662971929611505,0.9753324677054342,5.866280977578158,1.4577926765662332,1.3237067856667646,0.5801288424637929,0.024665207376311993
61,1.2382616530856834,-0.04285849316834573,2.281721630028674,5.866493898237234,0.9753323160826822,5.866479643503997,1.4577637250663205,1.3237665476121188,0.5801612826870047,0.024664567062923328
62,1.2382501262832009,-0.04285867755638603,2.2817011838925048,5.866673426265766,0.9753325575495241,5.86665783536637,1.4577393471775575,1.3238311928811073,0.5801948135130894,0.02466496476843744
63,1.2382384473233707,-0.0428590391643512,2.281680225231166,5.86680664729606,0.9753327169843037,5.8668073048107665,1.4577165970808068,1.3238762017073502,0.5802198691419272,0.02466404153438437
64,1.2382277515490399,-0.04285945245935448,2.2816592962585034,5.866898861984483,0.9753319623554958,5.866923030615277,1.4576962609583284,1.3238976262020903,0.5802345811984445,0.024662787674604468
65,1.2382201408270754,-0.0428596599249565,2.281647961675841,5.867003336428452,0.9753330609524459,5.867014169541367,1.4576830766209856,1.3239200397225601,0.58024728703115,0.024663829500667006
66,1.238212283396914,-0.04285997173397038,2.2816357542563486,5.867075640568747,0.9753339613855744,5.867085321192117,1.4576705918976651,1.3239388126238976,0.5802586193497865,0.02466382633280993
67,1.2382042992511915,-0.04286040257540753,2.2816234684938177,5.867129125169448,0.975334944017666,5.867150052285334,1.4576586170378507,1.3239525399430192,0.5802677603141101,0.024662989916010417
68,1.2381960177598854,-0.04286084103205204,2.2816107697006283,5.867154994215397,0.9753359899365504,5.8671889112055124,1.457647360548256,1.323952023967384,0.5802707637732183,0.024661133996648467
69,1.2381899707585404,-0.04286108410196762,2.2816018104148466,5.867193842482536,0.9753368834865352,5.86721915502735,1.4576392272976664,1.323953486678183,0.5802736834423613,0.02466126886181087
70,1.2381833357607404,-0.04286140378749248,2.2815919068663604,5.8672132916044735,0.9753378352422586,5.867243125678218,1.4576307911858406,1.3239538413551146,0.5802763576478019,0.024660195083952865
71,1.2381769215029643,-0.042861687931201,2.2815828929493804,5.867228760062094,0.9753389939315168,5.867260005427409,1.4576230282408758,1.3239566334149913,0.5802798739008448,0.02465892784956675
72,1.2381711228745764,-0.04286191414264268,2.2815759295946205,5.867245478488529,0.9753406200692809,5.867271868684666,1.457616863293339,1.3239556000921642,0.5802811920124868,0.02465812697509827
73,1.238165709228593,-0.0428620492083918,2.2815675887355775,5.867244586917238,0.9753412696494315,5.867264166485999,1.4576111919629617,1.3239459853433815,0.5802790992823927,0.024657620793528463
74,1.2381597348994275,-0.04286225026058264,2.281558512238269,5.867230604561897,0.9753420643763814,5.867256271611643,1.4576050135584246,1.3239344462362113,0.5802763501942348,0.02465599586771086
75,1.2381543565041817,-0.042862375232702386,2.281550993583749,5.8672236748130215,0.9753430731401036,5.867248209416553,1.4575995848005703,1.3239285869313475,0.5802756943213376,0.02465463789089915
76,1.2381497382811055,-0.04286241662406801,2.281544787298635,5.867222409776576,0.9753440328079027,5.8672404002380585,1.4575949678920317,1.323926484801535,0.5802763514316427,0.02465371012299738
77,1.2381456445385417,-0.04286242030485699,2.2815394026780336,5.867222396581065,0.9753449364996178,5.8672335805141245,1.4575909704598482,1.3239246087311476,0.580276898648845,0.02465300437312835
78,1.238141765630829,-0.0428624241126461,2.281534329455728,5.867219488112946,0.9753457992882167,5.86722730175566,1.457587277591768,1.3239225573023863,0.5802772898088344,0.024652195091859685
79,1.2381382735041313,-0.042862414358692556,2.2815300034452215,5.867218038851198,0.975346687917001,5.867221938568218,1.457584083417596,1.3239214777363117,0.5802779168966113,0.024651532247605818
80,1.238134907070989,-0.04286241307508084,2.2815256503609636,5.86721320207209,0.9753474615546818,5.8672174503796874,1.4575809219711622,1.3239199180134142,0.5802783404183752,0.024650655279403695
81,1.2381324761940267,-0.04286234254787416,2.2815227038259835,5.867215886603132,0.9753481027157904,5.86721348642822,1.457578811616023,1.3239203068893417,0.5802792602805148,0.024650586934086362
82,1.2381298943074335,-0.04286231774041547,2.2815192855563082,5.8672116737186,0.9753486615383566,5.867209504194317,1.4575765034262356,1.3239190702420014,0.5802795876516937,0.024650084738131486
83,1.2381275848368354,-0.04286228987880923,2.281516254643137,5.867207761025856,0.9753491731295139,5.867205630415921,1.4575744870110243,1.3239179700018093,0.5802798762916943,0.024649663135036123
84,1.2381255107225329,-0.04286226152668352,2.28151348466433,5.867203345617912,0.9753496113026989,5.867201400658154,1.4575727162521694,1.323916779324987,0.5802800589275368,0.024649300188020265
85,1.238123654145102,-0.042862231159374736,2.281510988008236,5.867199046867883,0.9753499962148836,5.867197122727907,1.4575711589387104,1.3239156668685197,0.5802802063312879,0.024648995882574666
86,1.2381222265323626,-0.04286217949916693,2.2815090648418908,5.8671969824680446,0.975350289111917,5.867192375027083,1.4575700866098709,1.3239151609586997,0.5802804737269135,0.024649024465549837
87,1.2381206853529303,-0.04286216126150125,2.281506917767806,5.867191081560428,0.9753505765900479,5.867187304228571,1.457568918524726,1.3239137127958114,0.5802803850759786,0.02464879870725151
88,1.2381193149158243,-0.042862141817263166,2.2815049868929873,5.867185200706515,0.9753508225492465,5.867181737482859,1.457567936609576,1.3239122515645498,0.580280235708574,0.024648635335666687
89,1.2381180526756603,-0.042862126745199174,2.281503173964911,5.867178921787476,0.9753510338312031,5.8671761311877955,1.4575670587538092,1.3239106763954345,0.5802800064023912,0.024648475664423273
90,1.2381168967515048,-0.042862112869929817,2.281501516300458,5.86717274736483,0.9753512295750195,5.867170438727253,1.4575662840998844,1.3239090708672119,0.5802797242992769,0.02464832961837984
91,1.2381158145714624,-0.04286210238683023,2.2814999495774924,5.86716629163276,0.9753514063019575,5.867164667019183,1.4575655723716836,1.3239073180120435,0.5802793544909857,0.024648166640914734
92,1.2381148086538554,-0.04286209344134065,2.2814985227271785,5.867160000589614,0.9753515826514776,5.867158807577388,1.4575649427727178,1.323905625168298,0.5802789754103254,0.02464800800705443
93,1.2381138879369504,-0.042862084002063344,2.281497233316743,5.867154065867268,0.9753517519235405,5.867153041579375,1.4575643880693474,1.3239040932925383,0.5802786319262387,0.024647862227213428
94,1.2381130392210251,-0.042862075204897765,2.281496048687235,5.867148413974375,0.9753519091406693,5.867147522779287,1.4575638855891124,1.323902691300063,0.5802783187206624,0.024647720998414772
95,1.238112261648162,-0.042862066753406064,2.281494982512491,5.867143113203225,0.9753520619157532,5.867142260328306,1.4575634449045443,1.3239013888154751,0.5802780190020544,0.024647590970333196
96,1.2381115495979658,-0.042862058587608075,2.2814940113157363,5.867138133421144,0.9753522035336071,5.867137302132146,1.4575630514811466,1.323900177272408,0.5802777349868719,0.024647470262299374
97,1.2381108987429665,-0.04286205079767391,2.281493137360461,5.867133516627302,0.9753523393606051,5.867132664442078,1.457562704970978,1.3238990585692996,0.5802774669315747,0.02464736004513723
98,1.2381103041125048,-0.04286204333180142,2.2814923367341784,5.86712916298838,0.9753524621289027,5.867128325454438,1.4575623951099737,1.3238980033070613,0.5802772080322405,0.024647258481937457
99,1.2381097596112443,-0.042862036487463936,2.2814916095088513,5.86712510505639,0.9753525772334459,5.867124304076876,1.4575621179584415,1.323897021552738,0.5802769626830844,0.024647163199186466
100,1.238109264719503,-0.04286202983290078,2.2814909505210226,5.867121359705612,0.9753526827189164,5.867120570233583,1.457561872050882,1.32389611741522,0.5802767339983894,0.024647077896243704
101,1.2381088136476113,-0.042862023574818844,2.281490353549996,5.867117899297261,0.9753527806237852,5.867117109213121,1.4575616537455616,1.3238952843264893,0.5802765206815405,0.024647000730369874
102,1.2381084020047826,-0.04286201775081469,2.2814898059081155,5.86711465886599,0.9753528684609961,5.867113900235545,1.4575614571690596,1.323894504698755,0.5802763182506516,0.024646929204382714
103,1.2381080290693525,-0.0428620121212337,2.2814893058239885,5.867111649134913,0.9753529458586365,5.867110929788884,1.4575612823060724,1.3238937819765102,0.5802761286660378,0.024646865607677926
104,1.2381076915516662,-0.042862006825659604,2.2814888690127613,5.86710898020678,0.975353023929028,5.867108185321586,1.4575611349918824,1.3238931446706907,0.580275960427351,0.024646813639848494
105,1.2381073798157156,-0.04286200236981709,2.2814884558122817,5.867106390121608,0.9753530912310275,5.867105641545773,1.4575609968187093,1.3238925254169964,0.5802757940958544,0.024646760614120033
106,1.2381070957661067,-0.04286199824349103,2.2814880800519877,5.867103996425167,0.9753531529358284,5.8671032841552915,1.4575608740273232,1.323891953903419,0.5802756391667196,0.024646712875206287
107,1.2381068359056848,-0.04286199450603231,2.281487736417222,5.867101766871766,0.9753532094930777,5.867101098411242,1.4575607640128927,1.3238914233999663,0.5802754940418678,0.0246466687822479
108,1.2381065980848374,-0.04286199107785305,2.2814874200107154,5.8670996881168085,0.9753532603117464,5.8670990684725055,1.457560663908637,1.3238909294543904,0.5802753580154181,0.02464662757371795
109,1.2381063808184072,-0.042861987921160506,2.281487131973064,5.8670977663149,0.9753533072440551,5.867097184043704,1.4575605745556357,1.3238904732072447,0.5802752312971955,0.02464658989565595
110,1.238106182202406,-0.04286198500714128,2.281486868641106,5.867095983785351,0.9753533500667779,5.867095433009515,1.457560494379733,1.3238900498128383,0.5802751126949816,0.024646555268925396
111,1.2381060008170142,-0.04286198231006791,2.2814866287231443,5.8670943370245965,0.9753533894536492,5.86709380886,1.4575604228149106,1.3238896596779224,0.5802750027155977,0.02464652373435524
112,1.2381058349835534,-0.04286197983472022,2.2814864089408795,5.867092809759516,0.9753534252324308,5.867092305175887,1.4575603583635213,1.323889298426566,0.5802749002748375,0.02464649471393816
113,1.2381056836100783,-0.042861977546360744,2.2814862090185324,5.867091402577028,0.9753534582138274,5.8670909159165845,1.4575603008927627,1.3238889657763413,0.5802748053190566,0.024646468310583855
114,1.238105545274217,-0.04286197544323733,2.281486026055636,5.867090098851175,0.975353488217449,5.867089630877723,1.4575602492501083,1.32388865731242,0.5802747166508991,0.024646444048540356
115,1.2381054189652176,-0.04286197349960354,2.2814858592059206,5.867088895776017,0.9753535157158126,5.867088442844972,1.4575602031189638,1.3238883730995163,0.5802746345139743,0.024646421981326612
116,1.2381053036063618,-0.04286197171282625,2.281485706918791,5.86708778578277,0.97535354085624,5.867087348262512,1.457560161661283,1.3238881111886704,0.5802745584484146,0.024646401682104465
117,1.238105198248904,-0.04286197006184685,2.2814855678332515,5.867086760782431,0.9753535638241145,5.867086335778945,1.4575601245697551,1.3238878693556626,0.5802744878254792,0.024646383199285773
118,1.2381051020368137,-0.04286196854046113,2.2814854408290577,5.86708581465705,0.9753535847919541,5.867085401950585,1.4575600912871134,1.3238876460395756,0.5802744222459271,0.02464636623221425
119,1.238105014274787,-0.04286196713034791,2.2814853252100367,5.867084944582928,0.9753536040235197,5.867084541731422,1.4575600615739486,1.3238874411105865,0.5802743618299222,0.02464635080930194
120,1.2381049340767025,-0.042861965837490565,2.2814852195655355,5.867084141742202,0.975353621593151,5.867083749624568,1.457560034807494,1.3238872522346634,0.5802743059132208,0.024646336560571636
121,1.2381048609250436,-0.04286196463759488,2.281485123339742,5.867083403277066,0.975353637681722,5.867083019980623,1.4575600109147187,1.323887078604804,0.580274254283472,0.02464632360862035
122,1.2381047941556633,-0.04286196353028257,2.281485035591034,5.8670827233116505,0.9753536523989723,5.867082348564466,1.4575599895052311,1.3238869187722089,0.5802742065451448,0.024646311739313274
123,1.2381047332453827,-0.04286196250458267,2.2814849556308476,5.867082097969034,0.9753536658641628,5.867081730962265,1.4575599703622424,1.3238867719878797,0.5802741625450759,0.0246463009172753
124,1.2381046776351057,-0.042861961560145885,2.281484882691773,5.867081522326092,0.9753536781828569,5.867081163360805,1.4575599531798684,1.3238866370258697,0.5802741219411034,0.02464629097251278
125,1.2381046268919216,-0.042861960686654266,2.2814848162361168,5.867080993062707,0.9753536894695359,5.867080641535177,1.4575599378220843,1.323886513029049,0.5802740844942956,0.024646281895491687
126,1.2381045805814606,-0.04286195987944032,2.2814847556211313,5.8670805060243705,0.9753536997850806,5.867080161978828,1.4575599240695618,1.3238863990288776,0.5802740499436084,0.024646273587893248
127,1.238104538362541,-0.04286195913005053,2.2814847004470837,5.867080058836546,0.9753537092263882,5.86707972179196,1.4575599118103362,1.3238862944888652,0.5802740181555608,0.02464626603659636
128,1.2381044997726716,-0.04286195844294538,2.281484650067214,5.867079646800572,0.9753537178820239,5.867079317379158,1.4575599008017803,1.323886198255181,0.5802739887889136,0.02464625907251184
129,1.2381044645747243,-0.04286195780434104,2.2814846041162395,5.867079267666586,0.9753537257762478,5.867078945604344,1.457559890995928,1.323886109797683,0.5802739617042063,0.02464625274581289
130,1.2381044324319554,-0.04286195721552706,2.2814845622436657,5.8670789189914725,0.9753537330284273,5.867078604499541,1.4575598822406954,1.3238860285120537,0.580273936725705,0.02464624694727419
131,1.2381044030902584,-0.042861956668973494,2.2814845240068182,5.8670785976504325,0.9753537396435813,5.86707829080671,1.4575598744481761,1.3238859536553862,0.5802739136403757,0.02464624166744258
132,1.238104376275805,-0.0428619561652904,2.2814844891280766,5.867078301693438,0.9753537457203936,5.867078002988726,1.4575598674932109,1.3238858847389017,0.5802738923045916,0.02464623681264686
133,1.2381043517867343,-0.0428619556970558,2.2814844572975344,5.867078028913369,0.9753537512826624,5.867077738426772,1.4575598613239977,1.3238858212458509,0.5802738725706775,0.024646232386983925
134,1.2381043294135796,-0.04286195526150083,2.281484428256214,5.86707777735781,0.9753537563846508,5.867077495373321,1.457559855864492,1.3238857626985325,0.5802738542951205,0.024646228343622567
135,1.2381043089659372,-0.04286195485670068,2.2814844017634117,5.867077545392769,0.9753537610723235,5.867077272315909,1.4575598510350192,1.3238857087301135,0.5802738373783541,0.024646224642455583
136,1.23810429027414,-0.042861954479028366,2.2814843775802003,5.867077331189386,0.9753537653758437,5.867077067319064,1.4575598467810915,1.3238856588701116,0.5802738216749299,0.02464622125782733
137,1.238104273187902,-0.042861954125819876,2.281484355528094,5.867077133462809,0.9753537693369604,5.867076879143841,1.4575598430510088,1.3238856128142062,0.5802738070968569,0.02464621816333279
138,1.2381042575625179,-0.04286195379518393,2.2814843353964545,5.867076950707583,0.97535377297839,5.867076706251146,1.4575598397878813,1.3238855702193064,0.5802737935473286,0.024646215333911304
139,1.238104243276363,-0.04286195348505301,2.281484317040669,5.867076781940887,0.9753537763332859,5.8670765475776925,1.4575598369455838,1.3238855308647284,0.5802737809663976,0.024646212747576966
140,1.2381042302065073,-0.042861953194604244,2.2814843002902534,5.86707662597014,0.9753537794244445,5.8670764019359005,1.457559834470282,1.3238854944580551,0.5802737692692554,0.024646210376318582
141,1.2381042182593676,-0.04286195292085962,2.2814842850271546,5.86707648192429,0.9753537822745172,5.867076268287416,1.4575598323391616,1.323885460794615,0.580273758396218,0.024646208215320715
142,1.2381042073235045,-0.042861952664268864,2.2814842710953327,5.867076348716067,0.9753537849037206,5.867076145669173,1.4575598304951067,1.3238854296340798,0.5802737482816338,0.024646206229380484
143,1.238104197326872,-0.04286195242263778,2.2814842584015476,5.867076225768062,0.9753537873279199,5.86707603320492,1.457559828916993,1.3238854008542524,0.5802737388956575,0.024646204419821224
144,1.238104188178549,-0.042861952196066616,2.2814842468200287,5.867076112159493,0.9753537895643286,5.867075930067707,1.4575598275625494,1.3238853742276384,0.5802737301705643,0.024646202759390976
145,1.2381041798124883,-0.04286195198312004,2.2814842362624033,5.867076007290073,0.9753537916264234,5.867075835485069,1.4575598264098752,1.3238853496184935,0.5802737220693327,0.024646201242627983
146,1.2381041721598351,-0.04286195178362459,2.2814842266331716,5.867075910500072,0.9753537935269863,5.867075748775785,1.4575598254288402,1.3238853268836697,0.5802737145535087,0.02464619985455428
147,1.2381041651611033,-0.04286195159694821,2.2814842178518906,5.867075821248999,0.9753537952776979,5.867075669284407,1.4575598245948724,1.3238853059053788,0.5802737075919246,0.024646198584822417
148,1.2381041587596626,-0.04286195142273444,2.281484209841379,5.867075738971941,0.9753537968898174,5.867075596438928,1.4575598238861889,1.3238852865522972,0.58027370114665,0.024646197421976622
149,1.2381041529077588,-0.04286195126034522,2.28148420253621,5.867075663220913,0.9753537983723015,5.867075529671798,1.457559823285087,1.3238852687200586,0.5802736951885806,0.024646196359798072
150,1.238104147558451,-0.042861951109609754,2.2814841958717533,5.867075593539955,0.9753537997339978,5.867075468495113,1.4575598227719222,1.323885252311411,0.580273689691528,0.024646195388319265
151,1.2381041426686445,-0.04286195097012453,2.2814841897908886,5.86707552949242,0.9753538009841828,5.867075412449337,1.4575598223319233,1.3238852372261234,0.5802736846260877,0.024646194499247855
152,1.2381041382006153,-0.042861950841412304,2.281484184241608,5.867075470690414,0.9753538021298765,5.867075361101177,1.457559821952004,1.3238852233768426,0.5802736799671997,0.024646193686284585
153,1.2381041341196544,-0.04286195072318777,2.2814841791778973,5.867075416794603,0.9753538031784516,5.867075314068625,1.4575598216200014,1.3238852106837105,0.5802736756915645,0.024646192943432583
154,1.238104130392548,-0.042861950614920805,2.281484174554739,5.867075367423588,0.9753538041366259,5.867075270984909,1.45755982132666,1.3238851990584952,0.5802736717719589,0.024646192264121975
155,1.2381041269899675,-0.04286195051627657,2.281484170334335,5.867075322278697,0.9753538050111443,5.8670752315280446,1.4575598210631018,1.323885188434553,0.5802736681887858,0.024646191643202024
156,1.2381041238838386,-0.042861950426802936,2.2814841664789385,5.867075281033095,0.9753538058078266,5.867075195390372,1.457559820821784,1.3238851787353836,0.5802736649181146,0.024646191074862992
157,1.2381041210503294,-0.042861950345890375,2.2814841629589058,5.867075243418207,0.975353806532701,5.867075162298365,1.4575598205986582,1.3238851698984162,0.5802736619400597,0.02464619055593839
158,1.2381041184659063,-0.042861950273028165,2.2814841597437936,5.867075209143719,0.9753538071912631,5.867075131997156,1.4575598203895022,1.3238851618543244,0.5802736592319774,0.024646190081908236
159,1.2381041161085475,-0.04286195020788904,2.2814841568051727,5.8670751779539945,0.9753538077886121,5.867075104252068,1.457559820188716,1.3238851545435035,0.580273656774973,0.024646189647723117
160,1.2381041139600544,-0.042861950149672964,2.2814841541212814,5.867075149606424,0.9753538083298534,5.867075078849012,1.4575598199968014,1.3238851479080846,0.5802736545492169,0.02464618925172856
161,1.2381041120009413,-0.0428619500979857,2.2814841516675353,5.867075123849709,0.9753538088198699,5.867075055590996,1.457559819810418,1.3238851418879904,0.5802736525346291,0.02464618888898162
162,1.238104110215923,-0.04286195005210772,2.281484149425819,5.8670751004752955,0.9753538092630196,5.8670750342976135,1.4575598196303623,1.3238851364331847,0.5802736507138858,0.024646188558044506
163,1.2381041085888778,-0.04286195001161044,2.2814841473761853,5.867075079265151,0.9753538096635279,5.867075014803096,1.4575598194550377,1.3238851314913986,0.5802736490691505,0.024646188255157724
164,1.2381041071059995,-0.04286194997585138,2.2814841455027923,5.86707506002077,0.9753538100256303,5.867074996956041,1.4575598192855435,1.3238851270148135,0.5802736475834928,0.024646187978251247
165,1.238104105754545,-0.04286194994428316,2.2814841437904723,5.867075042557402,0.9753538103529693,5.867074980617621,1.4575598191224666,1.3238851229589026,0.5802736462412539,0.024646187725192403
166,1.2381041045226184,-0.042861949916461875,2.2814841422251875,5.867075026708994,0.9753538106489802,5.867074965661045,1.4575598189658083,1.3238851192838528,0.5802736450285537,0.024646187493722934
167,1.2381041033996127,-0.042861949891860054,2.2814841407946975,5.867075012315301,0.9753538109168934,5.8670749519696965,1.4575598188168442,1.3238851159508684,0.5802736439315008,0.024646187282221642
168,1.238104102375421,-0.04286194987006402,2.281484139487192,5.867074999228212,0.9753538111597035,5.867074939437112,1.457559818676066,1.3238851129242386,0.5802736429374467,0.02464618708872158
169,1.238104101441386,-0.04286194985072728,2.281484138292366,5.867074987327906,0.9753538113798479,5.86707492796565,1.4575598185435499,1.3238851101754308,0.580273642036506,0.02464618691183133
170,1.2381041005892244,-0.042861949833473426,2.281484137200562,5.867074976489594,0.9753538115797996,5.867074917465982,1.457559818420043,1.323885107674308,0.5802736412179258,0.024646186750077962
171,1.2381040998115784,-0.04286194981801994,2.281484136203023,5.867074966609935,0.9753538117616354,5.867074907856239,1.4575598183056178,1.3238851053962022,0.5802736404731211,0.024646186602164635
172,1.238104099101713,-0.042861949804095106,2.2814841352917705,5.8670749575923296,0.97535381192729,5.867074899061293,1.4575598182005138,1.3238851033180032,0.5802736397939916,0.024646186466928236
173,1.2381040984536433,-0.04286194979153346,2.2814841344593058,5.867074949359626,0.9753538120782417,5.867074891012523,1.4575598181040554,1.3238851014216815,0.580273639174542,0.024646186343254335
174,1.2381040978618447,-0.04286194978013647,2.281484133698944,5.867074941835015,0.9753538122160019,5.867074883646918,1.4575598180161866,1.323885099688989,0.5802736386084743,0.024646186230182016
175,1.2381040973213073,-0.04286194976975174,2.2814841330044886,5.867074934951496,0.9753538123418634,5.86707487690681,1.4575598179365679,1.32388509810415,0.5802736380904496,0.024646186126801136
176,1.2381040968275698,-0.04286194976028447,2.2814841323702497,5.867074928654537,0.9753538124568769,5.8670748707393585,1.4575598178644409,1.32388509665454,0.580273637616382,0.024646186032283638
177,1.2381040963765235,-0.0428619497516313,2.2814841317909806,5.867074922891144,0.975353812562017,5.867074865096086,1.457559817799283,1.3238850953278072,0.5802736371821917,0.024646185945866834
178,1.2381040959644558,-0.042861949743714794,2.2814841312619745,5.867074917615751,0.9753538126581767,5.86707485993265,1.4575598177404991,1.3238850941134124,0.5802736367844565,0.024646185866869164
179,1.238104095587985,-0.04286194973647071,2.281484130778801,5.867074912786836,0.9753538127460961,5.86707485520834,1.457559817687435,1.3238850930017896,0.5802736364201104,0.024646185794642166
180,1.2381040952440308,-0.04286194972983909,2.281484130337526,5.867074908366927,0.9753538128265008,5.867074850885981,1.4575598176395532,1.323885091984311,0.5802736360863723,0.02464618572861583
181,1.2381040949297724,-0.04286194972376589,2.2814841299344915,5.867074904321413,0.9753538129000245,5.867074846931437,1.457559817596336,1.3238850910530102,0.5802736357806807,0.024646185668255677
182,1.2381040946426318,-0.04286194971820098,2.281484129566364,5.867074900618861,0.9753538129672474,5.867074843313489,1.4575598175573012,1.3238850902006531,0.5802736355007126,0.024646185613071102
183,1.2381040943801747,-0.04286194971306418,2.2814841292301837,5.867074897226078,0.9753538130288149,5.867074840003553,1.4575598175223636,1.3238850894194307,0.5802736352437984,0.024646185562626845
184,1.2381040941401018,-0.04286194970825631,2.2814841289232284,5.867074894109581,0.9753538130853627,5.867074836975467,1.457559817491623,1.3238850887013496,0.5802736350071266,0.024646185516507137
185,1.2381040939201813,-0.04286194970363065,2.2814841286431364,5.867074891232861,0.9753538131376327,5.867074834205287,1.4575598174656497,1.3238850880375035,0.5802736347873941,0.02464618547435009
186,1.2381040937181158,-0.04286194969895632,2.2814841283878144,5.867074888550846,0.975353813186538,5.867074831671067,1.457559817445749,1.3238850874165813,0.5802736345801757,0.02464618543580588
187,1.2381040935312435,-0.042861949693792076,2.281484128155672,5.867074885996363,0.97535381323351,5.867074829352769,1.4575598174350148,1.3238850868211993,0.5802736343782563,0.024646185400571865
188,1.23810409335599,-0.042861949687282075,2.281484127945748,5.867074883456308,0.9753538132809831,5.867074827232025,1.4575598174399311,1.3238850862214444,0.5802736341687692,0.024646185368359372
189,1.2381040931873768,-0.04286194967795306,2.281484127757944,5.8670748807499375,0.9753538133328729,5.8670748252920255,1.4575598174719373,1.3238850855689888,0.5802736339305568,0.024646185338911955
190,1.238104093018384,-0.04286194966346798,2.281484127593276,5.867074877599944,0.9753538133952072,5.867074823517413,1.457559817549454,1.3238850847892527,0.5802736336306715,0.024646185311990143
191,1.2381040928338933,-0.042861949638058686,2.2814841274560447,5.867074873339328,0.9753538134819375,5.8670748218941,1.4575598177182578,1.323885083701894,0.5802736331889735,0.02464618528737967
192,1.238104092604543,-0.042861949589878275,2.28148412735566,5.867074866623391,0.9753538136204203,5.867074820409222,1.457559818071292,1.3238850819426902,0.5802736324434266,0.02464618526488008
193,1.2381040922862643,-0.04286194950081473,2.2814841273068582,5.86707485540812,0.9753538138518889,5.8670748190509805,1.4575598187502112,1.3238850789576744,0.5802736311474731,0.024646185244311957
194,1.2381040918198754,-0.042861949346335894,2.281484127329885,5.867074836931586,0.975353814231878,5.867074817808612,1.4575598199466968,1.3238850739980965,0.580273628967778,0.024646185225508436
195,1.2381040909944354,-0.042861949026123114,2.281484127456262,5.867074800185717,0.9753538149390883,5.867074816672243,1.4575598223937138,1.3238850640783195,0.5802736245876862,0.02464618520831922
196,1.238104089431764,-0.04286194835719016,2.281484127719697,5.867074724632973,0.9753538162858224,5.867074815632848,1.457559827442818,1.3238850436277068,0.5802736155569518,0.02464618519260476
197,1.238104086748054,-0.04286194715494275,2.2814841281593257,5.867074589561449,0.9753538185911109,5.867074814682164,1.4575598364603355,1.3238850070282908,0.5802735994032032,0.024646185178239202
198,1.2381040825559926,-0.04286194523413357,2.2814841288192853,5.867074374182007,0.975353822179032,5.867074813812619,1.4575598508207972,1.3238849486411248,0.5802735736436012,0.0246461851651064
199,1.2381040740058846,-0.042861940436512896,2.2814841249137423,5.867073792285282,0.9753538271464934,5.8670748130173225,1.4575598860032053,1.3238847908293128,0.5802735054662569,0.02464618515310092
200,1.2381040580181342,-0.042861930081704275,2.2814841135734456,5.867072581119922,0.9753538348136532,5.867074812289916,1.4575599571917386,1.3238844623191597,0.5802733643608784,0.024646185142125555
201,1.2381040344418064,-0.04286191422635596,2.281484095360546,5.867070747597104,0.9753538455394031,5.8670748116246365,1.4575600642978883,1.3238839649856344,0.5802731510063055,0.024646185132092328
202,1.2381040031793304,-0.04286189295485221,2.28148407084033,5.867068301678259,0.9753538596429143,5.8670748110161774,1.4575602070376166,1.3238833015310982,0.5802728664432347,0.0246461851229201
203,1.2381039446180493,-0.04286184196039999,2.2814839349092413,5.867061319189616,0.9753538465533218,5.8670748104596875,1.4575605724168343,1.3238814074839247,0.5802720708338406,0.02464618511453522
204,1.2381038577658017,-0.042861751280388966,2.281483725420482,5.867050828816829,0.9753538259067123,5.867059962184435,1.457561117995798,1.3238785999878482,0.5802708935580309,0.02464618510686982
205,1.2381037654246316,-0.04286166077825624,2.2814835143259704,5.867040207591088,0.9753538088939832,5.867045827256709,1.4575616710256867,1.3238758062561669,0.5802697227234999,0.024646185099862414
206,1.238103668396942,-0.04286157097796048,2.281483302687751,5.867029503266183,0.9753537953576462,5.8670324058669845,1.4575622290921724,1.3238730222863775,0.5802685563057859,0.024646185093456393
207,1.2381035676448824,-0.042861482384916445,2.2814830901590284,5.867018776340986,0.9753537842874368,5.867019693291511,1.4575627880553892,1.323870272520135,0.5802674051061478,0.024646185087600195
208,1.2381034643569413,-0.042861395539395504,2.281482880221645,5.8670081009412245,0.9753537763234104,5.867007700738185,1.4575633453388632,1.323867579816762,0.5802662782585285,0.024646185082246624
209,1.2381033617671413,-0.042861312714896176,2.2814826772418595,5.866997800783995,0.9753537707922321,5.866996461253043,1.4575638827658657,1.3238650118387951,0.5802652043097027,0.024646185077352535
210,1.2381032632006645,-0.04286123660001434,2.2814824873560786,5.86698816980946,0.9753537677602641,5.8669859849520325,1.457564385218951,1.3238626649884224,0.5802642239531698,0.024646185072878482
211,1.2381031692154223,-0.04286116742360697,2.281482306566693,5.866979203841323,0.9753537648471469,5.86697626326729,1.4575648504143879,1.3238605417651923,0.5802633393012873,0.024646185068788417
212,1.2381030806138873,-0.042861105362765356,2.281482140000138,5.866970989076244,0.9753537638536006,5.8669673501687996,1.4575652760443158,1.323858662187812,0.5802625578246831,0.024646185065049363
213,1.2381030014886472,-0.042861055131268685,2.2814820029328784,5.866964273755855,0.975353768039577,5.866959263621618,1.457565623406534,1.3238599673429325,0.5802631647504084,0.024646185061631246
214,1.2381029323096746,-0.04286101829796428,2.281481894778395,5.8669589149683805,0.9753537765954897,5.866954732486903,1.4575659013819429,1.3238587526610144,0.5802626598488101,0.024646185058506468
215,1.2381028681954653,-0.04286098693884511,2.2814817975127366,5.866954185164068,0.9753537858004085,5.866950480404399,1.457566145576835,1.3238587614574397,0.5802626884425315,0.02464618505564993
216,1.238102808849883,-0.04286096100118444,2.2814817122901223,5.866950034958274,0.9753537965419616,5.866946480293985,1.4575663599269895,1.3238605296301418,0.580263485128385,0.02464618505303848
217,1.2381027525828632,-0.04286094280615159,2.28148165479573,5.866946765968016,0.9753538182713226,5.866942700131892,1.4575665349180755,1.3238622816416328,0.5802642676783493,0.02464618505065121
218,1.2381026964957276,-0.042860935300199555,2.2814815812015445,5.86694312015533,0.9753538327802691,5.866939136713967,1.457566724029683,1.3238625901630003,0.5802644216245598,0.02464618504846878
219,1.2381026427756496,-0.042860935022348896,2.2814814694753,5.866938905053864,0.9753538273689959,5.8669357741007175,1.4575669256517125,1.323861627248711,0.5802640279840517,0.024646185046473666
220,1.2381025957372944,-0.04286093807373725,2.281481360987028,5.866935260654329,0.9753538181653723,5.866932631418482,1.4575670923797,1.32386075618879,0.5802636737808164,0.024646185044649813
221,1.2381025572491904,-0.042860944668236416,2.2814812484818785,5.86693222904774,0.9753538003849177,5.8669296866728065,1.4575672168525162,1.3238600189431318,0.5802633792515464,0.02464618504298252
222,1.2381025353346464,-0.042860959765902235,2.2814811406032325,5.8669304153902235,0.9753537716023198,5.866926955586049,1.457567265397472,1.3238595951005212,0.5802632209137997,0.024646185041458265
223,1.2381025704313036,-0.04286098892169818,2.2814809703482983,5.866930371751351,0.9753536710417885,5.86692441884183,1.4575671594521842,1.3238596405324379,0.5802632841291387,0.024646185040064866
224,1.2381026871652903,-0.04286103190292272,2.2814806925226403,5.866932066780846,0.9753534610418617,5.866922094142043,1.4575668721738353,1.3238601502590925,0.5802635782095076,0.02464618503879109
225,1.238102908848803,-0.042861092214942914,2.2814802629204833,5.866935824518459,0.9753531027508714,5.86691996210579,1.457566354333622,1.3238612126667293,0.5802641531389263,0.024646185037626625
226,1.238103300332054,-0.04286123324885701,2.2814798286838096,5.866949079068396,0.9753526086258345,5.866932878496402,1.4575652184481107,1.32386480395414,0.580265837685657,0.024646185036562122
227,1.238106005824981,-0.042861531229749714,2.281475127966903,5.866976775697293,0.9753484675580872,5.866945279315531,1.457560421477538,1.3238722658931992,0.580270303920843,0.024646185035588963
228,1.2381104043670867,-0.04286188968241045,2.2814671288104895,5.867008926190966,0.9753416028321751,5.866942314592716,1.4575532288015043,1.3238809383182792,0.5802761396823297,0.024646185034699345
229,1.2381161090244612,-0.042862343114222386,2.2814561882090687,5.867046946784223,0.9753324128814282,5.866939549029086,1.4575436737639622,1.3238912383587045,0.580283437043756,0.024646054785888695
230,1.2381229185641656,-0.04286286089339758,2.281443641969485,5.867093789790999,0.9753216836055494,5.866936961500329,1.457532603526076,1.323903883184274,0.5802921706369206,0.024646028104527012
231,1.2382741897341896,-0.042865909541854735,2.2811330291375573,5.867173789440464,0.9750697620556323,5.86693365490495,1.4573289665354512,1.3239255355887094,0.5803806786705703,0.024646006352966675
232,1.2383862541732071,-0.04286816803618026,2.28090296365726,5.867233192097663,0.9748831916891838,5.866930512527816,1.4571781256390486,1.3239416012912342,0.5804462628994927,0.024645987822248243
233,1.238469273551522,-0.04286984116992791,2.2807269307042644,5.867258509729616,0.9747426069939688,5.866912114493672,1.4570640197322273,1.323948651805936,0.5804941547286043,0.024645979795543414
234,1.238530775819647,-0.0428710806578938,2.280595624119502,5.867273250524479,0.9746380876020054,5.866893136445558,1.456979174946874,1.3239528634809754,0.5805294237518019,0.02464597468523498
235,1.2385763378204877,-0.04287199889316326,2.2804975284534574,5.867280293179562,0.9745603134226997,5.866873782722419,1.4569160465813478,1.3239522474053826,0.5805541250918321,0.02464597069547496
236,1.238610090980881,-0.04287267913858174,2.280424107725014,5.867281805071055,0.9745023802230752,5.866850576110848,1.4568690406873985,1.3239530753435056,0.5805731797250212,0.024645967479974634
237,1.2386350959371057,-0.042873183076782284,2.2803690219776827,5.867279245431382,0.9744591675827913,5.866812924336728,1.4568340121131953,1.3239545457686137,0.5805878491632881,0.02464596463681624
238,1.2386536200642848,-0.04287355640338335,2.280327589079466,5.86727405217254,0.9744268891902357,5.866779205726078,1.4568078765332912,1.3239508834539935,0.5805967922303885,0.02464596215101063
239,1.238667343075221,-0.04287383297053168,2.2802963259089095,5.867267037859262,0.974402734281934,5.86674630045936,1.4567883559565744,1.3239480712983618,0.5806035190495015,0.02464595981110522
240,1.2386775093317652,-0.042874037856514405,2.280272703347854,5.867260327091782,0.9743846427131004,5.866714290100019,1.4567736972167376,1.3239483389191018,0.5806096511944846,0.02464595775118133
241,1.238685040679849,-0.04287418963978357,2.280257195921118,5.867265393451437,0.9743720917933175,5.866692707772728,1.456763460684303,1.3239525453578578,0.5806154444885075,0.024645955816257774
242,1.238690620039736,-0.04287430208359497,2.2802456199111742,5.867267489434955,0.9743627564132328,5.866672502298865,1.4567559282126592,1.3239547032095873,0.5806193383944144,0.02464595409397449
243,1.2386947533312003,-0.04287438538401925,2.2801373107376364,5.866514352758219,0.9743132240812002,5.866096095825574,1.456735483222645,1.3237599853959336,0.5805615210812415,0.024645952439271562
244,1.2386978153488282,-0.04287444709449134,2.280125655466965,5.866439717110704,0.9743058352329916,5.866024091918485,1.4567328673412432,1.3237411982774416,0.5805562492152838,0.024645951003565175
245,1.238700083747279,-0.04287449281073348,2.280116174879459,5.8663716378252415,0.974299999900642,5.865958663802014,1.4567312164747035,1.323724117671584,0.580551172021559,0.02464594963430947
246,1.238701764218183,-0.042874526678158636,2.2801078944119517,5.866308708659176,0.97429513984274,5.865899019896187,1.4567299990672538,1.3237111333072091,0.5805475857310687,0.024645948386701057
247,1.2387030091416482,-0.042874551767764287,2.280100548020897,5.866251565741121,0.9742910215121918,5.865847824754505,1.4567290039486975,1.3236967560158617,0.58054315068027,0.024645947244290808
248,1.2387039314036346,-0.042874570354601294,2.2800939653735757,5.86620018263041,0.9742874833283857,5.8658021705062575,1.4567281240064949,1.3236849349198192,0.5805396422348513,0.024645946213595317
249,1.2387046146321183,-0.04287458412406882,2.280087991485221,5.8661544457757415,0.9742843932846235,5.865761779586771,1.4567272675140535,1.3236761733467857,0.5805373206165432,0.02464594522673119
